{
  "training_time": 5.6483235359191895,
  "time_per_epoch": 0.028241617679595946,
  "convergence_rate": 0.0,
  "stability_score": 0.0
}