{
  "training_time": 8.767764568328857,
  "time_per_epoch": 0.04383882284164429,
  "convergence_rate": -0.0006268924373203809,
  "stability_score": 0.0040490106818680685
}