{
  "training_time": 3.3625640869140625,
  "time_per_epoch": 0.016812820434570313,
  "convergence_rate": 0.0,
  "stability_score": 0.0
}