{
  "training_time": 8.168628692626953,
  "time_per_epoch": 0.040843143463134765,
  "convergence_rate": 0.0,
  "stability_score": 0.0
}