{
  "training_time": 4.108330011367798,
  "time_per_epoch": 0.02054165005683899,
  "convergence_rate": 0.0,
  "stability_score": 0.0
}