{
  "training_time": 5.318039178848267,
  "time_per_epoch": 0.026590195894241334,
  "convergence_rate": -0.00014421218433789687,
  "stability_score": 0.0008736115244701555
}