{
  "training_time": 5.55549168586731,
  "time_per_epoch": 0.027777458429336547,
  "convergence_rate": -0.00022859020351674104,
  "stability_score": 0.00137684335907335
}