{
  "training_time": 5.861394643783569,
  "time_per_epoch": 0.029306973218917846,
  "convergence_rate": -0.0012166395154824764,
  "stability_score": 0.00800205707762157
}