{
  "training_time": 10.80643367767334,
  "time_per_epoch": 0.0540321683883667,
  "convergence_rate": 0.0,
  "stability_score": 0.0
}