{
  "training_time": 5.517498016357422,
  "time_per_epoch": 0.02758749008178711,
  "convergence_rate": 0.0,
  "stability_score": 0.0
}