{
  "training_time": 5.382806301116943,
  "time_per_epoch": 0.026914031505584718,
  "convergence_rate": -0.0002930503916846849,
  "stability_score": 0.0016116341448152824
}