{
  "training_time": 7.46721625328064,
  "time_per_epoch": 0.0373360812664032,
  "convergence_rate": -0.000520807086431766,
  "stability_score": 0.003252487213322756
}